source_individual,target_individual,gain_nats_per_event,identity_match
Bat1_3D6001852B958,Bat1_3D6001852B958,0.02479451270119859,true
Bat1_3D6001852B958,Bat2_3D6001852B95D,-0.484074778169334,false
Bat1_3D6001852B958,Bat3_3D6001852B978,-0.07744446844764519,false
Bat1_3D6001852B958,Bat4_3D6001852B980,0.022975652581411987,false
Bat1_3D6001852B958,Bat5_3D6001852B98C,0,false
Bat1_3D6001852B958,Bat6_3D6001852B98E,0,false
Bat1_3D6001852B958,Bat7_3D6001852B9A3,0,false
Bat1_3D6001852B958,Bat8_3D6001852B9A7,-0.5024393491157508,false
Bat2_3D6001852B95D,Bat1_3D6001852B958,0,false
Bat2_3D6001852B95D,Bat2_3D6001852B95D,0.15451404147744108,true
Bat2_3D6001852B95D,Bat3_3D6001852B978,0.0030126963913879035,false
Bat2_3D6001852B95D,Bat4_3D6001852B980,-0.01813431964025991,false
Bat2_3D6001852B95D,Bat5_3D6001852B98C,0,false
Bat2_3D6001852B95D,Bat6_3D6001852B98E,0,false
Bat2_3D6001852B95D,Bat7_3D6001852B9A3,0,false
Bat2_3D6001852B95D,Bat8_3D6001852B9A7,0.002290050942593158,false
Bat3_3D6001852B978,Bat1_3D6001852B958,0.06231523735299538,false
Bat3_3D6001852B978,Bat2_3D6001852B95D,-0.22101055613030662,false
Bat3_3D6001852B978,Bat3_3D6001852B978,-0.08152883696646751,true
Bat3_3D6001852B978,Bat4_3D6001852B980,-0.3065042519489216,false
Bat3_3D6001852B978,Bat5_3D6001852B98C,0.2967250741910157,false
Bat3_3D6001852B978,Bat6_3D6001852B98E,-0.7292099176387408,false
Bat3_3D6001852B978,Bat7_3D6001852B9A3,-0.5222051214407168,false
Bat3_3D6001852B978,Bat8_3D6001852B9A7,0.04501683257108535,false
Bat4_3D6001852B980,Bat1_3D6001852B958,-0.13562818021146894,false
Bat4_3D6001852B980,Bat2_3D6001852B95D,-0.05136352559419932,false
Bat4_3D6001852B980,Bat3_3D6001852B978,-0.04311143386436389,false
Bat4_3D6001852B980,Bat4_3D6001852B980,-0.04077694997037851,true
Bat4_3D6001852B980,Bat5_3D6001852B98C,-0.00992289843297367,false
Bat4_3D6001852B980,Bat6_3D6001852B98E,0.020141876450783247,false
Bat4_3D6001852B980,Bat7_3D6001852B9A3,-0.017995435549942318,false
Bat4_3D6001852B980,Bat8_3D6001852B9A7,0.00792202140299092,false
Bat5_3D6001852B98C,Bat1_3D6001852B958,-0.06413441863254454,false
Bat5_3D6001852B98C,Bat2_3D6001852B95D,0,false
Bat5_3D6001852B98C,Bat3_3D6001852B978,-0.10821633704059064,false
Bat5_3D6001852B98C,Bat4_3D6001852B980,-0.07608764045422456,false
Bat5_3D6001852B98C,Bat5_3D6001852B98C,0.4618463044992623,true
Bat5_3D6001852B98C,Bat6_3D6001852B98E,-0.08776378064728174,false
Bat5_3D6001852B98C,Bat7_3D6001852B9A3,-0.012917776799144853,false
Bat5_3D6001852B98C,Bat8_3D6001852B9A7,0,false
Bat6_3D6001852B98E,Bat1_3D6001852B958,-0.11919537407662517,false
Bat6_3D6001852B98E,Bat2_3D6001852B95D,-0.1469644047604426,false
Bat6_3D6001852B98E,Bat3_3D6001852B978,-0.009672215157100483,false
Bat6_3D6001852B98E,Bat4_3D6001852B980,-0.30535699571062147,false
Bat6_3D6001852B98E,Bat5_3D6001852B98C,-0.5427190814170596,false
Bat6_3D6001852B98E,Bat6_3D6001852B98E,0.3536914432884294,true
Bat6_3D6001852B98E,Bat7_3D6001852B9A3,0,false
Bat6_3D6001852B98E,Bat8_3D6001852B9A7,0.22367398151165035,false
Bat7_3D6001852B9A3,Bat1_3D6001852B958,0.12920581934616737,false
Bat7_3D6001852B9A3,Bat2_3D6001852B95D,0.07497036047062222,false
Bat7_3D6001852B9A3,Bat3_3D6001852B978,0.14366746021191734,false
Bat7_3D6001852B9A3,Bat4_3D6001852B980,0.11375970739748231,false
Bat7_3D6001852B9A3,Bat5_3D6001852B98C,-0.14101409754265581,false
Bat7_3D6001852B9A3,Bat6_3D6001852B98E,0.0702794421673204,false
Bat7_3D6001852B9A3,Bat7_3D6001852B9A3,0.1645201717518221,true
Bat7_3D6001852B9A3,Bat8_3D6001852B9A7,0.2687307870424556,false
Bat8_3D6001852B9A7,Bat1_3D6001852B958,-0.07680870683901198,false
Bat8_3D6001852B9A7,Bat2_3D6001852B95D,-0.1378360630483677,false
Bat8_3D6001852B9A7,Bat3_3D6001852B978,-0.04171257914974125,false
Bat8_3D6001852B9A7,Bat4_3D6001852B980,-0.13189141414506533,false
Bat8_3D6001852B9A7,Bat5_3D6001852B98C,-0.08707545053896826,false
Bat8_3D6001852B9A7,Bat6_3D6001852B98E,0.03161582093691817,false
Bat8_3D6001852B9A7,Bat7_3D6001852B9A3,0,false
Bat8_3D6001852B9A7,Bat8_3D6001852B9A7,0.30871404994064855,true
