source_key,study,public_data_location,permanent_doi_status,redistribution_status,submission_action
harten,Harten et al. 2020,https://doi.org/10.17632/n9d8gbz3xr.1,permanent DOI,source repository public,cite paper and Mendeley data
rachum,Rachum et al. 2025,https://doi.org/10.17632/wh7c636y3t.1,permanent DOI,source repository public,cite paper and Mendeley data
elie,Elie et al. 2024,https://doi.org/10.17632/h5ff9vv5pc.1,permanent DOI,source repository public,cite paper and Mendeley data
diebold,Diebold et al. 2024,https://doi.org/10.5281/zenodo.13857870,permanent DOI,source repository public,cite paper and Zenodo data
aharon,Aharon et al. 2017,https://doi.org/10.17632/f6mvhj5gj9.3,permanent DOI,source repository public,cite paper and Mendeley data
foskolos,Foskolos et al. 2022,https://doi.org/10.5281/zenodo.4946256,permanent DOI,source repository public,cite paper and Zenodo/Dryad data
teshima,Teshima et al. 2026,https://figshare.com/articles/dataset/29209493,Figshare permanent record,source repository public,cite paper and Figshare data
eveland,Eveland et al. 2026,https://github.com/00keveland/Tunnel_2026,GitHub only in source article,CC0 1.0 verified,exact pinned C2-C8 trial subset mirrored into anonymous review archive; include same subset in final DOI repository
taub,Taub and Yovel 2020,https://www.dropbox.com/sh/met5cvcq9nmvxdd/AAAF4saT9FZl01FwWyRgD1pqa?dl=0,Dropbox only in source article,dataset redistribution license not independently verified,obtain permission/license confirmation or editorial confirmation before mirroring
