panel_id,taxon,context,vertical_reference,cell_size_m,evaluable_individuals,conditional_identity_nats_per_fix,marginal_identity_nats_per_fix,place_x_height_nats_per_fix,positive_conditional_fraction
tadarida_agl,Tadarida teniotis,focal,AGL,2500,5,0.765597965810336,0.09027353932570703,0.6753244264846291,1.0
tadarida_agl,Tadarida teniotis,focal,AGL,5000,6,0.33655976011332095,-0.25489567533550034,0.5914554354488213,0.6666666666666666
tadarida_agl,Tadarida teniotis,focal,AGL,10000,7,-0.04500055406329954,-0.2198245415954591,0.17482398753215955,0.5714285714285714
eidolon,Eidolon helvum,multi-site-year,ellipsoid,2500,14,0.2968280147074841,0.005502341704582898,0.29132567300290135,0.7857142857142857
eidolon,Eidolon helvum,multi-site-year,ellipsoid,5000,20,0.2189834066380572,0.00210276447543965,0.21688064216261763,0.85
eidolon,Eidolon helvum,multi-site-year,ellipsoid,10000,29,0.17343667111202085,0.04665276365590819,0.12678390745611268,0.7241379310344828
hypsignathus,Hypsignathus monstrosus,Lek Njoukou 2020,ellipsoid,2500,24,0.13092434854608517,-0.020831269743505278,0.15175561828959047,0.75
hypsignathus,Hypsignathus monstrosus,Lek Njoukou 2020,ellipsoid,5000,24,0.029329026741430914,-0.020660262506134546,0.04998928924756546,0.5416666666666666
hypsignathus,Hypsignathus monstrosus,Lek Njoukou 2020,ellipsoid,10000,24,0.009905063548677122,-0.020575843931354885,0.030480907480032005,0.4583333333333333
phyllostomus_2022,Phyllostomus hastatus,Aj-cave and La Gruta 2022,MSL,2500,33,0.08659119985859276,0.18104750929658642,-0.09445630943799367,0.5757575757575758
phyllostomus_2022,Phyllostomus hastatus,Aj-cave and La Gruta 2022,MSL,5000,33,0.055713950418866134,0.17585833694181663,-0.12014438652295047,0.42424242424242425
phyllostomus_2022,Phyllostomus hastatus,Aj-cave and La Gruta 2022,MSL,10000,34,0.05849653278149609,0.17967459406387407,-0.12117806128237797,0.5882352941176471
phyllostomus_2023,Phyllostomus hastatus,Aj-cave and La Gruta 2023,ellipsoid,2500,16,0.09533341659158379,0.014526767758207342,0.08080664883337645,0.6875
phyllostomus_2023,Phyllostomus hastatus,Aj-cave and La Gruta 2023,ellipsoid,5000,16,0.03332180095813036,0.013281138695873029,0.02004066226225732,0.6875
phyllostomus_2023,Phyllostomus hastatus,Aj-cave and La Gruta 2023,ellipsoid,10000,16,-0.028479680823317383,0.011905774265652595,-0.040385455088969985,0.625
phyllostomus_2016,Phyllostomus hastatus,La Gruta 2016,MSL,2500,10,-0.05624205309283252,-0.006322415400311721,-0.049919637692520794,0.5
phyllostomus_2016,Phyllostomus hastatus,La Gruta 2016,MSL,5000,10,0.05758943117796057,0.01645912628764278,0.04113030489031777,0.6
phyllostomus_2016,Phyllostomus hastatus,La Gruta 2016,MSL,10000,10,0.11837882468243668,0.021825067150462972,0.09655375753197369,0.7
